call_id,audio_transcript
322039292,"User: हेलो। हाँ जी।
Human: गुड मॉर्निंग सर। मैं दीपांशु बात कर रहा था स्पिनिंग पावर से।
User: हां, बोलिए भैया।
Human: जी सर, वो इंस्पेक्शन करवाया था ना आपने कार क-कार का?
User: हजारियर का?
Human: हां जी, हां जी।
User: हां, बोलिए भैया।
Human: तो उसके लिए अभी मतलब आपको प्राइस के लिए अभी कॉल आया है सर इंस्पेक्शन के लिए।
User: नहीं अभी नहीं आया, बताइए।
Human: हेलो.
User: अभी प्राइस से कॉल नहीं आया। सर बताइए, तो भाई एक हफ्ता हो गया मैंने कॉल भी किया था। उन्होंने बोला था आपको कॉल कर लेंगे।
Human: क्योंकि मेरी परसों भी आपसे वैसे बात हुई थी।
User: हां जी, बोलिए।
Human: ठीक है तो मैं एक बार ना सर अभी आपको कॉल करवा रहा हूं। ठीक है, आपने एक होम टेस्ट भी शेड्यूल की हुई है आज एक होंडा सिविक कार की।
User: हां भाई करी भैया उस दिन भी करी थी ना। पर उस दिन आपका एग्जीक्यूटिव पांच से छह का टाइम था, लेट हो गया था।
Human: हां, हां ये मैं अभी शेड्यूल करवा देता हूं। टेन वो मैं उसके लिए प्राइस के लिए पूछ लेता हूं अभी।
User: आपका क्या नाम है, भैया?
Human: मेरा नाम दीपांशु है, सर।
User: हां, दीपांशु जी, आप मुझे अपने नंबर से भेज दीजिएगा। इसमें कोई स्पैम आता है। एक बार अपने नंबर से हाई कर।
Human: हां, हां बिल्कुल, बिल्कुल, बिल्कुल, ठीक है सर।
User: था ना एक बार हाई कर दीजिएगा। भेज दीजिएगा गाड़ी।
Human: ठीक है सर, मैं कर देता हूं अभी आपको व्हाट्सएप मैसेज।
User: और एक बार प्राइस का भी बता दो, मेरा हजारियर का क्या बेस्ट मिल रहा है?
Human: हां जी, हां जी, मैं अभी पता करके आपको बता देता हूं।
User: ठीक है तो ये तुम्हारे यहां पे एक्सचेंज भी हो जाएगी ना भाई?
Human: हां, ये एक्सचेंज हो जाएगी सर।
User: ठीक है, क्योंकि मैं आपको बताता हूं मुझे नौ लाख रुपये का कार 74 से प्राइस आ रखा है। ठीक है तो मैंने उनसे नौ साठ बोल रखा है।
Human: हम्म।
User: तो आप इसमें देख लो। होता है तो कुछ।
Human: ठीक है, वो तो अभी एक बार जब आएगा ना। फिर उसके आने के बाद मैं देख लूंगा-
User: मेरे पास अभी तक कोई कॉल ही नहीं आई। मेरे पास किसी की कॉल ही नहीं आई अब तक। एक बार कॉल आई इसके बाद कॉल ही नहीं आई।
Human: मैं एक बार पहले आरएम अलाइन करवा देता हूं। दूसरा आपका एक बार सप्लाई टीम से ना कॉल करवा के प्राइस वो करवा लेता हूं, इनिशिएट। ठीक है सर?
User: ठीक है।
Human: ओके सर।"
322067064,"User: हेलो।
Human: हेलो!
User: हेलो।
Human: यश सर, मैं के साथ बात कर रही थी, स्पिनिंग से। आज क्या अपने स्पिनिंग में विजिट किया था? प्लान कर रहे थे व्हीकल को परटेस्ट के लिए।
User: जी, जी, जी।
Human: ऑल होंडा सिटी।
User: मैं ये कर देता हूं। मैं आया हूं अभी रोहिणी में।
Human: अच्छा।
User: ठीक है। मैं कल पता है मैं गाड़ी। पता है क्या बोल रहे थे?
Human: हां जी। मतलब अभी आप कार देखते हैं। अभी आप कार देखने आए हैं ना Cars24 में?
User: हां, रोहिणी में।
Human: कोई ना, आप आराम, आप आराम से यहां पर देख लीजिए। उसके बाद बता दीजिएगा। अगर कुछ रिक्वायरमेंट रहती है तो।
User: हां, वो देख के गया था कल। मुझे पसंद तो आया था।
Human: ओके।
User: मैं ये समझ नहीं आता है कि मैं किसको फोन करूं, किसको कोई रेफर नंबर नहीं है। किसको बात करूं?
Human: अच्छा! आप मुझे बता दीजिए सर आपके लिए मैं अलाइन हूं। क्या-क्या रिक्वायरमेंट ए रही है यह बताइए।
User: वो तो आप अभी फोन कर रहे हो। ऐसे में मैं कल देख के आया हूं। वहां पे तो मैं किससे बात करवा डालूं?
Human: आज मैं दिन से देख के आए थे, वो भी बता सकते हैं। बाकी मैं आपको बता सकती हूं डील के लिए। तो आप मुझे बता दीजिए क्या इशू आ रहा है?
User: वो मैंने कल मरूति कार देख के आया था.
Human: हां जी।
User: वो थोड़ा रेट महंगा पड़ रहा है। उसमें काफी प्राइस उन्होंने हाई रखा हुआ है। जो थोड़ा उसमें प्राइस कंसर्न करें तो मेरे को लगता है।
Human: प्राइस का तो ऐसा सर देखिए कंसेशन नहीं होता। फिक्स प्राइस है क्योंकि क्वालिटी वारंटी वगैरा भी हम प्रोवाइड करते हैं। तो अभी के लिए जो प्राइस इसमें ऑफर हो रहा है वो 7,74,000 है और अगर सेम डे डिलीवरी ले लेते हैं तो थोड़ा बहुत कुछ बढ़ सकता है। बट विदाउट सेम डे डिलीवरी जैसे ले रहे हैं तो उसके अलावा।
User: सेम डे डिलीवरी अभी अभी डील बनती है तो मैं अभी जाकर पैसे सारा कैश में पैसे दूंगा और अभी लूंगा डील बस प्राइस की कोई बात नहीं है। तुरंत पेमेंट।
Human: करूंगा। टोटल। कैश करना है आपका।
User: हां, पूरा कैश। मेरा लोन का कोई शिकार नहीं है। आप तुरंत लेकर लौट जाओगे। क्योंकि मैं द्वारका सेक्टर वन में ही रहता हूं।
Human: नहीं नहीं, ऑनलाइन ट्रांसफर करेंगे। मतलब कैश तो ₹2 लाख ही एक्सेप्ट हो पाता है ओनली।
User: वो तो हो जाएगा बाकी तुरंत कर देंगे पेमेंट सारा, एक मिनट भाई।
Human: ठीक है, एक मिनट वेट करिएगा।
User: हां, लेकिन रेट थोड़ा सा बोलिएगा कितना कंसर्न हो। रेट दे देगा ना तो मैं कर लूंगा। ठीक है ना? ठीक है, बताइएगा।"
322096063,"User: हैलो। हैलो।
Human: है ना जी?
User: हां जी, गुड आफ्टरनून सर। अभी हर्षित बात कर रहा हूं स्पिनिंग कार से।
Human: हम्म, सही है।
User: सरकार एक्सप्लोर कर रहे थे। उसके रिगार्डिंग कॉल कर रहे थे। अभी प्लान कर रहे हैं कार।
Human: हां, लेकिन फिर भी तो 2024 मॉडल चाहिए।
User: 24 मॉडल कौन सी देते हैं?
Human: नहीं नहीं नहीं सिर्फ-
User: हां जी?
Human: स्विफ्ट, स्विफ्ट।
User: स्विफ्ट चाहिए 24 मॉडल? मिल जाएगी सर?
Human: 2024 मॉडल स्विफ्ट डेटेक्ट।
User: ठीक है सर, एक मिनट मैं आपको बता देता हूं। 23, 24 मॉडल है मेरे पास। एक, दो, तीन। अपनी 24 जेडएक्स आई प्लस है, 24 मॉडल है स्विफ्ट जेडएक्स आई प्लस। शादीनगर एक्सटेंशन में गाड़ी मेरी खड़ी है। यह सिल्वर कलर है...
Human: मैनुअल, मैनुअल है।
User: मैनुअल। हां जी मैनुअल है।
Human: 17,002।
User: जेडएक्स आई प्लस 17 मंथ है नवंबर 24।
Human: नवंबर वाला तो न्यू मॉडल होगा ना। जो भी आ रहा है।
User: है न्यू शेप वाला है न्यू शेप वाला। जैसे जून 24, जून 24 का इसका मेक यर है और नवंबर 24 का रजिस्ट्रेशन है। वो जो न्यू शेप में आई थी। न्यू शेप आ गया था ना अब तक।
Human: हां, नहीं मुझे उस से पिछले वाली शेप वाली थी वो नॉर्मल हां।
User: हां, समझ गया मतलब。 दूसरा वाला शेप चाहिए आपको।
Human: बिलकुल दूसरा।
User: नहीं सर, तो फिर वो शेप नहीं है। 23 की मिल जाएगी फिर अपनी, अपनी 24 और 23 में मिल जाएगी पुराने शेप में। मैनुअल है 3400 चली हुई है गाड़ी पर।
Human: ग्रे, ग्रे कलर में।
User: रेड कलर है। लेकिन जेडएक्स आई नहीं है वो जेडएक्स आई नहीं है। नहीं, नहीं ये वेरिएंट है ही नहीं है सर। एक है आपके प्रेफरेंस का तौर लेकिन इसमें आपको वो नयू लिखो, मतलब न्यू शेप वाला है।
Human: हम्म बिल्कुल, बिल्कुल।
User: और भी देख रहा हूं सर एक मिनट मैं आपको बता रहा हूं कि इसमें मेरे पास गुड़गांव में तो गाड़ी है नहीं और जो है पर मैं करनाल में देख लेता हूं अपने आस-पास की। नहीं सर नहीं है गाड़ी ये प्रेफरेंस में है ये कार नहीं है। जैसे ही आती है मैं आपको बताता हूं।
Human: बिल्कुल बिल्कुल बिल्कुल ठीक है।"
322101613,"User: हेलो। हेलो। हेलो। हेलो।
Human: हां जी, गुड आफ्टरनून सर। गौरव जी। हर्षित बात कर रहा हूं स्पिनिंग एर से। हां जी, ठीक है। ये सर कार एक्सप्लोर कर रहे थे। उसके रिगार्डिंग कॉल कर दी सर आपको। कल अपनी फ्रेंड मैग्नेट की होम टेस्ट हुई थी सर तो ओवरऑल एक्सपीरियंस कैसा रहा सर? कार का प्लान कर रहे हैं आप?
User: हां उसके लिए क्या करना, क्या करना पड़ेगा उसके लिए परचेज करने के लिए फाइनेंस करने के लिए। फाइनेंस करने के लिए पहले वो हमारे एप से आप एप्लीकेशन बुक करके कार बुक कर लीजिए फिर मेरी फाइनेंस टीम आपको कनेक्ट कर लेगी। डॉक्यूमेंट शेयर आप कर देंगे, फिर लोन हो जाएगा सर। अच्छा पहले एप से बुकिंग कर दूं। अच्छा एप से बुक करेंगे। बुक करने के बाद अभी मेरी डॉक्युमेंट टीम कनेक्ट करेगी। आपके डॉक्युमेंट कलेक्ट करेगी। फिर मेरा फाइनेंस आपको कनेक्ट करके लोन करवा देगा सर। एक बार ये थोड़ा सा कंफर्म हो जाना लोन में लोन हो जाएगा या नहीं हो जाएगा। और उसी के लिए हां वो तो सर लोन तो हो ही जाएगा लोन के लिए मतलब वो अभी टीम कनेक्ट करेगी तो फिर आपको सब गाइड कर देगी क्योंकि कोई भी इसमें जो है ना वो जो पाँच हज़ार रुपये से गाड़ी बुक होती है वो आपका हंड्रेड परसेंट फंडे वाला ₹1 का भी डिडक्शन नहीं आता। सर वो तो जी हां सिर्फ इसकी टीम कनेक्ट करेगी हमारी से आप टीच कर सकते हो। वो तो अभी ठीक है पर ऐसे हम न्यू गाड़ी खरीदते हैं शोरूम से वहां पे ऐसा कुछ नहीं होता पहले बुक कर के कुछ भी करते हैं पहले डॉक्युमेंट मांगते हैं तो यहां पे आ जाइए हां हां जी आ जाइए डॉक्युमेंट देखिए वो आपको बता देंगे लोन कितना हो जाएगा। हां हां वही ना वही तो कह रहा हूं ना ठीक है हां जाइए ठीक ठीक है सेक्टर 19 सेक्टर 48 वाले से 40 सोना सोना सोना सोना। यूनिवर्सल पावर रेडियेशन के बगल में। लोकेशन मिल जाती है उसके बारे में सर। हां गूगल पर मिल जाएगा ना आपको वहां पर लिखिए वहां पर मैं क्या कहना पड़ेगा यूनिवर्सल ट्रेड टावर या स्पिनिंग ऐप लिख दीजिए। सेक्टर 48 सेक्टर 48 सेक्टर 48 स्किनिंग आब तो आ जाएगा। यूनिवर्सल ट्रेड टावर चलो ठीक है, ठीक ठीक है, ठीक है।"
322102895,"User: हैलो।
Human: हैलो सर, नमस्कार शुभम बात कर रहा हूं स्पिनिंग कार पे।
User: जी बताइए।
Human: जी, सर आप स्पिनिंग से कार देख रहे थे तो आपका प्लानिंग बना क्या कार बाय करने का?
User: है ही नहीं तुम्हारे पास, गाड़ी लू तो जब। मुझे छोटी मोटी नहीं चाहिए।
Human: ओके सर, आप कौन सा कार देखना चाहते हैं स्पिनिंग से?
User: मुझे चाहिए थी वो सेल्टोस जीटी वेरिएंट।
Human: सेल्टोस जीटी वेरिएंट और...
User: XUV, XUV 700।
Human: ओके और डेल्ही एनसीआर आते हो कि कार चलेगी?
User: डेल्ही एनसीआर में ही चलेगी गाड़ी।
Human: ठीक है, ठीक है सर सेल्टोस में मैं चेक कर लेता हूं। जीटी वेरिएंट में हमारे पास क्या ऑप्शन अवेलेबल है?
User: हम्म।
Human: सर लाइन पे बना रहिएगा, मैं चेक कर ले रहा हूं।
User: हम्म।
Human: हाँ सर देखिए जीटी में तो हमारे पास ऑप्शन अवेलेबल नहीं है। जीटीएस में ऑप्शन अभी हमारे पास अवेलेबल है सर।
User: बताइए डिटेल भेजो ।
Human: ठीक है सर। और सर आपका बजट क्या रहेगा सेल्टोस के लिए?
User: भाई वो तो देखो डिपेंड करता है कि वो क्या मॉडल है, कैसी है। बजट तो मेरा है 10 लाख का लास्ट।
Human: चलिए ठीक है सर मैं कुछ ऑप्शन आपके व्हाट्सएप पर शेयर कर दे रहा हूं। आप कार देख लीजिए कार पसंद आता है तो आप पे कर प्लानिंग कर लीजिएगा।
User: वो भी चल जाएगी अगर 700 है तो।
Human: XUV 700। ठीक है, ठीक है दोनों ही ऑप्शन मैं आपको व्हाट्सएप पर शेयर कर दे रहा हूं।
User: ठीक है, बस ये दो ही गाड़ियां चाहिए है मुझे।
Human: ठीक है।
User: न्यू शेप वाली जो क्रेटा जो चल रही है ये भी चल जाएगी। न्यू शेप वाली लेकिन। और बजट मेरा यही है 10-12 लास्ट बस।
Human: ठीक है सर, ठीक है मैं कुछ ऑप्शन आपके व्हाट्सएप पर शेयर कर दे रहा हूं। आप देख लीजिए।
User: ठीक है, दिखा दो।"
322111811,"User: हेलो।
Human: हेलो! मैं निकेता बात कर रही थी स्पिन्निंग लॉजिस्ट से।
User: हाँ जी।
Human: क्या आपने स्पिनिंग लॉजिस्ट विजिट किया है या प्लान कर रहे हैं कल को परचेज के लिए?
User: मैम वो टेस्ट ड्राइव भी नहीं मिल पाई वहां से। अंदर-अंदर चलाने को समझ पा रही हूं।
Human: ओके, तो दोबारा से सर्विस लेने का कुछ प्लान कर रहे हैं। मैं एक बार फोन दूंगी, बाहर अरेंज करवा देंगे आपके लिए।
User: करवा दो मैम। हां, आजकल में कभी भी।
Human: आप आ सकते हैं, मतलब कब आने का प्लान कर रहे हैं आप?
User: नहीं मैम, मैं तो कल गया था ना। तो वहां पे वो बाहर गाड़ी का नहीं है, वो अंदर-अंदर बोल रहा था कि बुक कर देना सर आप जी पास आ जाइए।
Human: अच्छा तो आप आज बुक कर लीजिए। मैं भिजवा दूंगी आज शाम तक या कल तक।
User: मैम आप कर दो फिर ऑनलाइन मेरे को, मतलब आप ही कर दो बुक।
Human: नहीं, बुकिंग के लिए अमाउंट रहता है फिफ्टी-अअअ- फाइव थाउजेंड रूपीस का अमाउंट आपको पे करना होगा। मैं लिंक शेयर कर सकती हूं।
User: मैम टेस्ट ड्राइव बुक करने की कह रहा हूं, मैं टेस्ट ड्राइव बुक करने की कह रहा हूं।
Human: अच्छा टेस्ट ड्राइव के लिए आप कह रहे हैं। अअअ कितने किलोमीटर से है मतलब बुक करने के लिए अगर कार है तो मुझे एक बार चेक करना होगा ना? कितने किलोमीटर से है आपका एड्रेस?
User: सेटरन वर्क से सेटर एक्सप्रेस मैम... मुश्किल से पंद्रह किलोमीटर होगा।
Human: हां, ठीक है फिर करा देती हूं विदाउट बुकिंग। आप यह बता दीजिए कि वर्टस करनी है, वरना करनी है। कौन सी कार देख रहे हैं? इसमें दो या तीन हैं। दो वरना मार्क है, एक वर्टस मार्क है जो आपने देखी है। तो इसमें से कौन सी वाली होम टेस्ट ड्राइव तैयार है?
User: वर्टस कौन सी वाली है?
Human: वर्टस एक रेड वाली आपने अअअ देखी थी। शायद बाइस मॉडल है जो इलेवन लाख की है। एक आपने तेईस मॉडल वरना देखी है। एक आपने चौबीस मॉडल वरना देखी है।
User: तरबू है ना वो चौबीस मॉडल से।
Human: चौबीस मॉडल वरना आपको रिक्वायरमेंट है।
User: जो बारह-सत्तर की है शायद।
Human: हां, उम्म, ट्वेल्व एटी थ्री की है ट्वेल्व एटी थ्री।
User: अच्छा अच्छा, और ये वर्टस कौन सी है? वर्टस कितने की है? दस-अस्सी की?
Human: हां जी, एक मिनट मैं चेक कर रही हूं कितनी की है। कल का बारह बजे का स्लॉट मिल रहा है वैसे मुझे होम-
User: वर्टस का करवा दूं मैम, वर्टस का करवा दो।
Human: वर्टस इलेवन लाख की है, इलेवन लाख। बाईस मॉडल है बट वो और वो वरना ग्यारह-अअअ-चौबीस मॉडल देख रहे हैं। ये वर्टस बाईस मॉडल है ऑटोमेटिक।
User: मैम कल तो दस-सत्तर बताए दिए प्राइस तो ग्यारह बता रहे हो आप।
Human: नहीं दस-सत्तर का प्राइस नहीं है इलेवन अअअ सिक्स का ही प्राइस है। इलेवन लाख सिक्स थाउजेंड। हो सकता है कल अगर कोई सेल का ऑफर चल रहा हो इसमें, तो रिफ्लेक्ट कर रहा हो। बाकी मुझे तो यही सेम प्राइस शोर है।
User: अच्छा अच्छा।
Human: हां जी।
User: चलो फिर मैम रहने दो। अब तो ये मत करो बुक मैं अपने आप कर लूंगा यहां पे ना ऑनलाइन बुक कर रहे हैं हम लोग।
Human: वरना की भी रिक्वायरमेंट नहीं है। फिर वरना भी कैंसिल कर दूं?
User: हां मैम कर दो कर दो।
Human: ठीक है, आप एक बार अपने साइट से होम टेस्ट ड्राइव बुक कर लीजिए, जो भी आपने पसंद करी है। ओके।"
322151141,"User: हेलो हेलो डी पर बात कर रहा है निकाल
Human: दीपक जी। एक मिनट आप प्लीज।
User: जी सर। और। हेलो हेलो।
Human: हेलो हेलो।"
322210905,"User: नंबर है हेलो। नमस्कार सर, मैं अमन बात कर रहा हूं। सुनिए जी सर, मैं कार के बिहाफ़ पर कॉल किया था आपको आप कार देख रहे थे। इस पर चेज के लिए। जी जी जी। तो आपने ट्रांसफर बुक कर रखी है। मारुति स्विफ्ट कार की तो आप अभी आ रहे हैं। वैसे इस्तेमाल कर सकते। सर अभी तो मैं बेटी की थोड़ा दवा लेने आया हूं। यहीं गाजीपुर में। और उसके बाद सर फ्री होता हूं। तो फिर मैं कॉल कर सकता हूं इसी नंबर पर। हां जी, बिल्कुल बिल्कुल। और सर, एक बार रेट है कुछ और जैसे जो अभी आपने डाल रखा है उससे। ₹3 लाख की गाड़ी है सर ये। कंप्लीट हां जी हां जी ऑन रोड ₹3 लाख की आफ्टर पड़ रही है। गाड़ी सब ठीक है लेकिन कुछ मतलब क्या हो सकता है? डिस्काउंट वगैरा कुछ होगा या नहीं हो पाएगा? नहीं। सेम डे डिलीवरी के डिस्काउंट होते हैं। अगर आप डिलीवरी लेते हो तो जैसे ₹3000 का ऑफर चल रहा है, मेरे पास अभी कूपन पड़ा हुआ है। तीन गाम। हां जी, ₹3 लाख का, ₹3000 का मेरे पास ऑफर है गाड़ी पर। और सर, जैसे हम इसको अगर यूपी में ट्रांसफर कराना चाहेंगे तो क्या हो पाएगा? नहीं, नोट नहीं मिलेगी। जब�आ सी आपके नाम पर हो जाएगी तो उसके बाद आप लीगल गाड़ी के मालिक हो तो आप इसको आरटीओ से करवा सकते हो। अच्छा आरटीओ से मुझे खुद अपना पर्सनल मतलब खर्ची पर कराना पड़ेगा। बिल्कुल बिल्कुल उसपे नहीं आंसर ट्रांसफर करवा के देती है। आरटीओ ट्रांसफर नहीं करवाती है सर। उसके बारे में कुछ जानकारी चाह रहा था। सर कितना उसका खर्चा आ जाता होगा? सर इस गाड़ी के बियाप पर भी मैं देखूं तो ज्यादा 15 से 18 हज़ार रुपए का खर्चा आएगा आपका। आरटीओ ट्रांसफर का। जी अब आरटीओ ट्रांसफर का 15 से 18 हज़ार रुपए। मैं कहूं तो आप गाड़ी पाँच साल के लिए एक्सटेंड करवा लोगे यूपी में। हां, इसीलिए तो सर सोच रहे थे। नहीं नहीं ठीक है सर, उस हिसाब से तो ठीक है सर। हां, तो वही चीज तो है। अगर मान लो दिल्ली से अगर नोएडा गाजियाबाद में करा लेते हैं सर, तो भी इतना खर्चा आएगा। आप वैसे हां सर, देखो इतना ही आएगा सर, वैसे वहां पर भी। इसलिए पूछ रहा था ना कि मैं तो सर फर्रुखाबाद का हूं। यूपी में फर्रुखाबाद। करवाना है ज्यादा बढ़िया है सर आपके लिए। अच्छा अच्छा हां सर, ठीक है मैं फ्री हो गई। फिर आपको कॉल रिटर्न करता हूं। सर ठीक है, जाओ सर"
322225696,"User: अधिकारवालों ने जांच की। हैलो। हैलो हैलो नमस्कार सर मैं अमन बात कर रहा हूं सुनकर से। ओके। आप कार देख रहे थे फिनिश परचेज के लिए आपने कल एक ड्राइव ली थी ना? किया केरेंस 2023 मॉडल कार की। तो जान सकते हो गाड़ी का एक्सपीरियंस कैसा आता है सर? वैसे आपको गाड़ी तो ठीक से भैया। ओके तो अभी प्लान कर रहे हैं वैसे इस गाड़ी को परचेज के लिए सर प्लान तो कर सकते हैं लेकिन बजट की अंतरताल बाजेट के बाहर जा रही है। कितने तक की बजट है सर? वैसे आपकी 14 तक का दिख रहा था। 14 तक का चाहिए। फिर 1 लाख 73 हज़ार रुपए ज्यादा है आपके लिए ना? कोई नहीं चेक कर लो। और भी ऑप्शन है केयरन से। अगर कोई आपके बजट में सूटेबल आपको लगे तो आप प्लान कर सकते हो सर। इसमें कुछ काम नहीं हो सकता ना? नहीं नहीं सर। एक्चुअली फिक्स प्राइस मॉडल पर कम कंपनी वर्क करती है। सर आप एक्सचेंज भी करेंगे मेरे हिसाब से। एक्सचेंज नहीं करना है हमें तो। अच्छा अच्छा नहीं एक्सचेंज करोगे तो आपके लिए ₹20,000 का एक्सचेंज बोनस और मिल जाएगा। बस और कोई नेगो सेशन है सर। कार्ड है नहीं मेरे पास और अच्छा नहीं। इसमें कोई नेगो सेशन तो नहीं है वो अभी फिक्स प्राइस पर ही है। 3 साल की वारंटी के साथ मिल रही है गाड़ी आपको और ये गाड़ी 28 तारीख को आ रही है हमारे पास नईोली कार इसलिए इसलिए इस गाड़ी पर कोई डिस्काउंट श्योर नहीं करता। अच्छा हां आप चाहो तो सारे 10 तक बच सकता हूं। सर सच बताऊं मेरे पास ₹6000 या ₹5000 का भी ऑफर नहीं है इस गाड़ी के लिए अभी तो महंगी लग रही है। सर बता दूं बिकॉज गाड़ी अभी हम क्या होता है? बेसिकली कुछ गाड़ियों पर ऑफर्स होते हैं तो हमें दिख जाते हैं जब मांग की मांग पर और अगर मांग लें. एक महीने से खड़ी है आपकी उस पर और उस पर तो आप डालते होंगे डिस्काउंट तो एक महीने से हमारे पास मैक्सिमम गाड़ी है। हमारे पास मैक्सिमम जो गाड़ी होती है वो हम. हमारा टर्म होता है तीन महीने के अंदर का. तीन महीने के अंदर मैक्सिमम गाड़ी. तीन महीने ज्यादा की गाड़ी कोई छड़ी मिलेगी नहीं आपके पास. ये वाली गाड़ी अभी 28 तारीख को आई है मार्च में हमारे पास. एक महीने पुरानी होने के बाद उसपे कुछ ऑफर दिखने लग जाते हैं कि यहां पाँच हज़ार 7000. बट आप जो कह रहे हो ना उतना तो किसी भी गाड़ी पर कभी ऑफर होगा ही नहीं सर। जी सर. ठीक है ठीक है सर. अगर ये वाली प्लान कर सके तो आप बुक कर सकते हैं. अभी लाइव है गाड़ी आपके लिए. हां वही लेकिन बजट से नहीं कर पाऊंगा. ठीक है, चलो अब।"
322238368,"User: हैलो। हेलो! रोहिनी मयंक जी दीपक बात कर रहा हूं स्पिनिंग कार से सर। हां जी बोलिए। हां सर, कार एक्सप्लोर कर रहे थे। अभी कार फाइनल हुई सर आपकी? नहीं, अभी तो मैंने एक कार की टेस्ट ड्राइव ली थी आपक्या से? बट वो कार दोबारा शो कर नहीं रही आपकी साइट पर। तो सर वो गाड़ी बुक हो गई है। डिलीवर भी हो गई होगी सर वो गाड़ी। ये होंडा सिटी के लिए आप बोल रहे हैं क्या? हां जी, हां जी। मैंने टेस्ट ड्राइव ली थी अभी इसकी। एक सेकंड सर रुकिए मैं चेक कर लेता हूं, मैं चेक कर लेता हूं एक सेकंड। नहीं सर, कार अभी सोल्ड नहीं हुई है। कार अभी रिपब्लिक देंटर पर है तो जैसे ही कार आएगी सर आपको इन्फॉर्म कर... अभी कहां पर है कार? ये सर रोहिणी शोरूम पर है। अच्छा, बट वो ऑनलाइन तो शो नहीं हो रही है ना। सर आप चेक करेंगे दिख जाएगी आपको एक बार चेक कर लीजिए। एक बार कार के डिटेल्स बताइए। सर, 2023 मॉडल है होंडा सिटी जेड एच पेट्रोल में। हां, जी हां सर, वही है। कलर क्या है? ग्रे कलर है सर। 10 हज़ार किलोमीटर ड्रिवन है। हां, जी जी। प्राइस कितना आ रहा है सर? 12 लाख 46 हज़ार रुपये है। 12 लाख 46 हज़ार? हां, वही प्राइस इसका ज्यादा आ रहा था ना? सर अभी गाड़ी अवेलेबल है, आप चाहे तो बुक कर सकते हो। नहीं बुक तो कर सकते हैं, बट प्राइस थोड़ा नेगोशिएबल भी नहीं है। नहीं सर प्राइस फिक्स्ड प्राइस है सर जो कार आपको शो कर रहा है, प्राइस वही है सर। ऑन टेबल बताइए क्या हो जाएगा मैं...? सर फाइनल प्राइस यही है सर 12 लाख 46 हज़ार। 11 लाख 46 हज़ार जब मैंने... 12 लाख 46 हज़ार। हां, हां 12 लाख 46, जब मैंने टेस्ट ड्राइव ली थी तब 12 लाख 12 हज़ार दिखा रहा था। सर उस टाइम से सेल डिस्काउंट का बढ़ाया नह है। सेल डिस्काउंट का आपने सेल पे गाड़ी बुक नहीं की थी सर, उस टाइम सेल डिस्काउंट पे आपने टेस्ट ड्राइव ली थी। बढ़ाते नहीं है सर प्राइस। अच्छा। मैं देखता हूं और बाकी कोई देखता हूं जिसका बजट मेरे को लगेगा। ठीक है सर।"
322245932,"User: अच्छा थे कैन इज प्रोफेसर नाम? नेम ऑफ कर दो। हैलो!
Human: हैलो! यस से बात कर रहे थे स्पीडी से।
User: हां, बोलिए।
Human: जी, स्क्रिप्ट में क्या बात कह राखी है परसेंटेज के लिए?
User: हां, जैसे ही वो मेरी दूसरी वैल्यू बोल रहे थे ना उसको इंक्रीज कर देंगे। तो और मैं माउंट नहीं चाहिए थी ऐसी। मेरे को दूसरी गाड़ी लेनी है। लेकिन इसकी वैल्यू आपने बहुत कम लगाई थी ना। तो आपने कहा था आप लोगों ने कहा था हम बताते थोड़ी देर में। मेरे को पैसे नहीं ज्यादा लेकर। मेरे को दो लाख ऐड करके न्यू वाली लेनी हैं।
Human: अच्छा? ठीक है, मैं एक बार चेक कर लेती हूं। न्यू गाड़ी कौन सी चूज करी आपने?
User: मैंने कर रखी है सोनेट। सोनेट कर रखी है? हां।
Human: स्पिनिंग से ही सोनेट चूज है?
User: हां, हां, यह भी आपने स्पिनिंग से ली थी ना? हां।
Human: स्पिनिंग में कोई सोनेट आपने वैसे देखी तो नहीं है। बट अभी इसका प्राइसिंग टी ट्वेंटी आया है। आपका एक्सपेक्टेशन कितना था?
User: कैसे? आपका एक्सपेक्टेशन कितना था सर अमाउंट के लिए? अरे मेरे को ऐप में दिखा रहा था फोर लाख टू फाइव लाख का अमाउंट मेरे को आ रहा था, तो मैंने वेल्यूशन बनाया है।
Human: अच्छा ठीक है, मैं एक बार ट्राई करती हूं, एक बार जो मैक्सिमम प्राइस।
User: मेरे को पैसे मत देना, मेरे को बस ऐड करके न्यू वाली दे ना।
Human: हां, हां, मैं समझ सकती हूं कि एक्सचेंज करना है आपको। मैं एक बार कॉल बैक अरेंज कर के लेकिन सब लाइव-
User: हां, हर दिन में चार बार, चार बार सेम बात होती है और चार बार मुझे यह बोला जाता है मैं चेक करता हूं, मैं चेक करती हूं और दिन में पांच कॉल आती हैं, पांच में एक ही चीज होती है। आप लोगों में कोऑर्डिनेशन नहीं है एक्चुअली।
Human: अच्छी दो टीम है सर, एक परचेज टीम है, एक सप्लाई टीम है और वह सप्लाई टीम जहां से प्राइस आना है पहले वह प्राइस देगी तभी हमारी डील लॉक हो पाएगी।
User: कस्टमर को दिन में छह कॉल करते हो। छह बार एक ही चीज बताते हो और चार दिन से यह चल रहा है। अब वो कॉल उठा के नहीं उठाओ, मेरे को पता है सेम बात आनी है, कोई कंक्लुजन नहीं, कोई सीनियर नहीं है क्या? कोई समझदार बंदा सीनियर मतलब प्रॉब्लम को सॉल्व करें।
Human: ठीक है, मैं एक बार एरेज कर देती हूं क्योंकि आपको अनलिमिटेड कॉल भी ना आए और आपसे एक ही कॉल किया जाए। सप्लाई टीम से प्राइस एक बार ओके हो जाए देन विल कॉल। ओके थैंक यू।"
322353142,"User: मैंने तो चार बजे बता देता हूं। हेलो। हेलो। हेलो।
Human: हेलो गुड आफ्टरनून। गौरव बात कर रहा हूं। कृष्णा ऑफिस से। हां जी बताइए सर। आप कार के लिए एक्सप्लोर कर रहे थे कार परचेज करने के लिए। हां जी। तो अभी कोई ऑप्शन फाइनल नहीं है। सर अपने कार्ड के लिए। अभी मिला नहीं है। अभी देख रहे हैं। ओके सो अभी मुझे बता सकते हैं कौन सा ऑप्शन प्लान करें तो मैं सजेस्ट कर दूंगा। अभी तो यार पंच वगैरा देख रहे हैं। टाटा पंच में। पंच देख रहे हैं या मोंडा की अमेज। पंच में ही आई है सर पंच में कौन सी मॉडल देख रहे हो? बाय स्पेस 120 फीसदी। न्यूज़ के करीब 20 से नीचे का। मतलब 20 से ऊपर का ही देख रहे हो। मैं इसके ऊपर पर देख रहा हूं पर बजट में साढ़े चार पांच लाख है। सर इसमें दो हज़ार 22 मिल जाएगी। टाटा पंच ये कंप्लाईंस है। मैनुअल में चेक करें कि कार है ये 55 हज़ार ड्रिवन है। फरीदाबाद में खड़ी है। ये ये पांच पांच पड़ेगी आपको। कोई अमेज निखड़ी अमेज ये बार मैं देख लेता हूं। अमेज मिल जाएगी। अमेज में भी दो हज़ार 22 पे देख रहे होते हैं आप। क्या प्राइस है? 1 दो हज़ार 22 तो मैं देखता हूं। कि 2022 की है। सर एक ये ऑटोमेटिक नहीं है। बीएक्स ईवीटी ये फरीदाबाद में है। मैनुअल में चाहिए। हम जो मैनुअल में देखते हैं। मैनुअल में सर एक ये दो हज़ार 19 की एग्जिट पाँच लाख की पड़ेगी आपको। ये बीएक्स एमटी पेट्रोल है। मैं देखता हूं भाई कैसा हुआ? 50 हज़ार किलोमीटर ड्रिवन है। शॉर्ट की कार है। खोलते हैं अभी। खोली तो मैं देखता हूं आप ही चेक कर लीजिए। बेल बट ऑन कराइए। ओके।"
322363798,"User: हेलो। हेलो।
Human: यस सर निकिता बात कर रही थी सुनील से।
User: हां जी मैडम बोलिए।
Human: जी आज के सर आपने सुनी मेरे से क्या प्लान कर रहे थे, बिक्री को परचेज के लिए?
User: जी कर रहे थी मैडम।
Human: जी कुछ फाइनल हुआ सर प्लान इसमें से, कोई कार आप जी फाइनलाइज हुई हो?
User: नहीं मैम एक्सपेक्टेशन के अकॉर्डिंग कुछ मिल नहीं रहा है।
Human: ओके सर वैसे मतलब रिक्वायरमेंट थी आपको जो नहीं मिल पाई एक बार मुझे बता सकते।
User: है मैम बजट तो हमारा है चार लाख तक। ऑटोमेटिक कार और बलेनो या कुछ भी आई कोई उन के टाइप में कुछ नहीं मिल रहा है।
Human: मिनिमम आई ट्वेंटी मॉडल? अठारह से मिनिमम मॉडल होना चाहिए।
User: हां जी, हां जी।
Human: मिनिमम बलेनो आई ट्वेंटी टाइप।
User: अठारह उन्नीस हो मुझे मिल गया।
Human: अंडर फोर लैक एटोमेटिक।
User: अट्ठारह से ब्लो नहीं होना चाहिए मॉडल में।
Human: मतलब अठारह उन्नीस से नीचे नहीं होना चाहिए। ठीक है, मेरा कंसर्न है कि यूपी नंबर, एचआर नंबर, डेली नंबर सब चलेगा।
User: वो भी दिक्कत नहीं आएगा।
Human: ओके, यू हैवर अरेंज डॉक्यूमेंट के मतलब है ना अगर कार दिल्ली की है तो आपके पास दिल्ली का डॉक्युमेंट होगा यूपी का है तो यूपी का भी होगा।
User: हां जी हां जी।
Human: अच्छा ठीक है। वैसे देखिए सर मैं बता दूं कि प्रेफरेंस नोएडा में रह रहे हैं ना। ठीक है, कोई दिक्कत नहीं। फ्रेंड्स फैमिली मेंबर्स का तो मिल ही जाएगा। कोई फ्रेंड होगा जिसका गुड़गांव का एड्रेस हो। कोई फ्रेंड होगा जिसका दिल्ली का एड्रेस हो।
User: यू सुझेस करें गो इव पफे।
Human: सॉरी
User: आई सेड इफ यू आर हेविंग एनी ऑप्शन लेट मी नो। डॉक्युमेंट सो आई कैन अरेंज डॉक्युमेंट।
Human: अच्छा अच्छा डॉक्युमेंट आप अरेंज कर लेंगे। ठीक है।
User: ब्याज डिटेशन वाली नीड टु बी ए गुड कार।
Human: ओके, वैसे मैं बता दूं कि बहुत कम मिलेगा। मतलब मुश्किल से एक या दो प्रेफरेंस मिलेंगे और प्रेफरेंस में भी यह रहेगा कि या तो वह कार फर्स्ट ओनर की जगह सेकंड ओनर होगी या तो फिर प्राइसिंग थोड़ी अप हो जाएगी या तो फिर किलोमीटर थोड़े ज्यादा हो जाएंगे। तो इस तरह के मॉडल मतलब हो सकता है।
User: व्हाट्सएप कर दें जो ऑप्शन है।
Human: हां, हां बिल्कुल मेरे पास बलेनो के थोड़े बहुत ऑप्शंस हैं। वो मैं आपको कर देता हूं। तो मुश्किल लग रही है इसमें। बाकी मैं एक बार आपको बलेनो के ऑप्शंस पर व्हाट्सएप पर देती हूं।
User: ओके मैम।
Human: डन। थैंक यू।"
322367634,"User: हैलो हैलो।
Human: हैलो हैलो यू वेलकम बात कर रहा हूं। स्पिनिंग पास के।
User: हाँजी।
Human: हाँजी सर कल आपने हमारे पास से होम पर स्क्रैप कंप्लीट करी थी। फिर वरना तो जान सकते हो कि कैसी लगी गाड़ी और आपका ओवरऑल एक्सपीरियंस।
User: वान द कार वास नाइस बट उसका जो थोड़ा कलर था वो जो फेडेड लगा था।
Human: अच्छा कलर फेडेड लग रहा था।
User: हां जी वो ग्लॉस उसका बिल्कुल लॉस्ट था एकदम।
Human: हम्म। सर ऐसा तो देखिए नहीं है। मे भी हो सकता है कि गाड़ी कुछ टाइम से खड़ी वगैरह रही हो और गाड़ी पर रबिंग पॉलिशिंग नहीं हुई हो इस वजह से।
User: नहीं, नहीं गाड़ी वैसे, वैसे तो क्लीन थी। एवरीथिंग वास् नाइस जैसे ओवर द टाइम जैसे प्री ओनर ने धूप वगैरह में ज्यादा रखी होगी। शेड्ड पार्किंग नहीं होगी तो उस वजह से जो कलर का ग्लॉस है वो काफी ज्यादा निकल गया है। ओवरटाइम वो धूप से हो ही जाता है। एंड द कार इज ब्लैक एज वेल तो वो हो चुका है काफी अब तक तो इंटीरियर वगैरह में भी एक दो जगह पर मेजर स्क्रैचेस थे तो और बाहर भी छोटे-छोटे डेंट्स थे तो ऑलदो स्टील कार वास डीसेंट आई डिडन्ट डिसलाइक डी कार। डी कार वास गुड बट द प्राइस डेट हैज बीन अस इज़ क्वाइट हाई एस कंपेयर टू द डिफॉल्ट दैट द कार हैज।
Human: बस बेसिकली अगर आप चेक करोगे इस कार का भी आपको प्राइस दिया गया है 11.97 राइट?
User: या।
Human: हां जी, और अगर आप न्यू कार का अगर आप प्राइस चेक करोगे वो आप याद रखते हो। आपको कितने का पता है?
User: अ-डा न्यू कार वरन 2026 यू आर सेइंग?
Human: यस सर।
User: बट दा मॉडल कंपलीटली डिफरेंट राइट? हम्म|
Human: बट फिर भी अलग।
User: टॉप एंड जाता है 16 लाख तक।
Human: किसका वरना का?
User: हां जी।
Human: सर वरना का टॉप एंड अगर हमसे बात कियू तो वो आपका जा रहा है 21 लाख तक जो आपका एसएक्स10 है ना।
User: हाँ जी।
Human: एसएक्स10 है ना टर्बो डीसीटी वो आपका जा रहा है 21 लाख का और वरना की जो स्टार्टिंग है वो आपकी हो जा रही है 10 लाख 80,000 से।
User: राइट।
Human: हां, तो इट्स नॉट ए बेस मॉडल। तो सर, अगर बेसिकली इन सब चीजों से प्राइस कंपेयर तब आप एक बार रियल में भी जब आप गाड़ी का आप देख रहे होगे ना। लाइक गाड़ी आपके घर पर रेडी होती है पूरी रबिंग, पॉलिशिंग, ग्राउंड डीलिंग करने के बाद, है ना?
User: हम्म।
Human: तब आपको गाड़ी पर एक अलग ही वाले मिलता है। इसीलिए ठीक है तो आई गेस कस्टिंग हु, एक बार आपको अगर आपको गाड़ी पसंद आई आप प्लीज करो उसको बुक करो। दैन उसके बाद हमें एक्डुअल्स को फाइनल करते हैं। बाकी ऐसा कोई डिस्काउंट नहीं है। बट अगर कोई भी आपका रिगार्ड पाएगा तो डेफिनेटली मैं वो आपको अवेलेबल कराऊंगा। वो भी सर अराउंड होगा अभी तो आपको थ्री, टू, फोर थाउजेंड का ही ऐसा कुछ होगा। उसके ऊपर ऐसा कुछ भी नहीं होगा।
User: एस एस कोई डिस्काउंट नहीं है, जी, जी। अच्छा, ठीक है आइ विल थिंक अबाउट इट।"
322372271,"User: हेलो। हाँ जी, महेंद्र जी। नमस्कार। सुनील बात कर रहा हूं। सोनी कार्स।
Human: नमस्कार जी।
User: यूज्ड कार में ऑप्शन एक्सप्लोर कर रहे थे। लास्ट हमारे एजेंट ने कुछ आपको ऑप्शन शेयर किए थे टाटा हैरियर में। फाइनल कर पाए तो।
Human: टाटा हैरियर एक्यूवी सात सौ देख लीजिए सर। टाटा हैरियर कुछ ज्यादा ही खर्चिली खबर आई है कि खर्चिली बहुत ज्यादा है।
User: हमारी वेबसाइट पर बता देता हूं मेरे भाई आपको आप अंबाला में वैसे अंबाला में देख रहे हैं। गाड़ी है।
Human: वैसे तो मैं सर नोहाना में हूं। अपने हरियाणा में हना।
User: हां।
Human: लेकिन अंबाला में कोई साफ गाड़ी खड़ी हो तो अंबाला भी देख रहे हैं। कोई दिक्कत नहीं, चक्कर लगा लेंगे।
User: तो अंबाला में कोई गाड़ी अवेलेबल नहीं है। सर एक फरीदाबाद में अवेलेबल है। दो फरीदाबाद में अवेलेबल है।
Human: फरीदाबाद में तो ना देखिए सर, फरीदाबाद में ना देखिए। हिसार हो आपके अंबाला, पंचकूला साइड कैथल हो।
User: मैं आपको हमारा जो हब है वो या तो सोनीपत मूर्थल में आपको मिलेगा या अंबाला में है या फिर चंडीगढ़ में है। वहां जाकर तो अंबाला और सोनीपत में या करनाल में कोई गाड़ी अवेलेबल नहीं है। हमारे पास चंडीगढ़ में हरसी नहीं गाड़ियां अवेलेबल हैं।
Human: हरियाणा नंबर दो सर में तो।
User: हरियाणा नंबर फरीदाबाद में अवेलेबल है। डीजल और पेट्रोल दो ऑप्शन एक मैनुअल है फरीदाबाद।
Human: फरीदाबाद में सर ऐसा था। हरियाणा नंबर कोई गाड़ी चंडीगढ़ में खड़ी हो। वहां देखे आएंगे।
User: चंडीगढ़ में देख लेता हूं। एक चीज हंड्रेड।
Human: हां, चंडीगढ़ में देख लीजिए सर। चंडीगढ़ में तो।
User: ये रे पीजी नंबर वहां सर एच आर नंबर एक भी नहीं है। सर पीवी नंबर है पंजाब नंबर। अच्छा हां उसके लिए फिर पंजाब का एड्रेस प्रूफ चाहिएगा।
Human: कोई सर पंजाब में तो नहीं हो पाएगा। सर अपने हरियाणा नंबर चाहिए जी, तो वेट कर लेते हैं। सर देख लीजिए। कोई दिक्कत नहीं। आराम से ठीक है।
User: सर, ऑप्शन देखता हूं। आ जाता है। मैं आपको सजेस्ट कर देता हूं। ठीक है, कोई दिक्कत नहीं। ओके। thank you"
322375008,"User: हैलो। हैलो बताइए।
Human: तरुण जी, नमस्कार! सुनील बात कर रहा हूं। स्किनी कार से। तरुण तरुण जी आपकी नॉइस काफी धीमी आ रही है। रेस्टोर कर रहे हैं आप।
User: उस कार में मुझे बीच में भी वाली है।
Human: अपनी सेल कर रहे हैं। का इंस्पेक्शन लास्ट करवाया था अपने मैग्नार आप सेल कर रिहैबिलिटेशन। अब भी क्लोज हो गया सर दोबारा से आपको हां जी दोबारा से ही कराना पड़ेगा। अदरवाइज क्योंकि इंस्पेक्शन शेड्यूल हुआ था। वो क्लोज हो गया है।
User: क्या वैल्यूएशन थे लास्ट टाइम?
Human: हां जी।
User: वैल्यूएशन क्या था लास्ट टाइम?
Human: समझ नहीं पा रहा हूं।
User: सर लास्ट टाइम।
Human: वैल्यूएशन। लास्ट टाइम आपने एक डी एल तीन का वैल्यूएशन करवाया था। दो हज़ार 12 मॉडल का लास्ट टाइम वैल्यूएशन।
User: क्या किया था सर जिसमें।
Human: प्राइस ऑफर भी हुआ था आपको? कितना बट मैं समझ नहीं पा रहा हूं क्योंकि यहां पर मेरे को मेंशन नहीं आ रहा क्योंकि पहले काफी पुरानी लीड है वो। आप या दोबारा से इंस्पेक्शन करवा लीजिए हमारे किसी हब पर जाकर गाड़ी ले जाकर।
User: मुझे ले जाना पड़ेगा।
Human: हां, आप विजिट कर लीजिए। अदरवाइज आप ऑनलाइन एक बार स्लॉट बुक कर लीजिए उस के अकॉर्ड टाइम के अकॉर्डिंग में।
User: जननी दो हज़ार 12 मेगनार का क्या वैल्यूएशन लगाते हैं?
Human: ऐसे वो ज्यादा नहीं आ पाएगा सर उतना ही आ पाएगा 50 से 60 के समथिंग।
User: आप तो बहुत कम दे रहे हैं वैल्यूएशन 80,90 लाख है मार्केट में तो बहुत लगा रहे हैं।
Human: एक्चुअली मैं बता दूं सर उसका प्राइस ऑफर नहीं हुआ है अभी दिखा नहीं रहा है मुझे सिस्टम पर। या तो आप इंस्पेक्शन दोबारा करवा लीजिए। बहना आपको प्राइस आ जाएगा।
User: एक बात मैं बता दूं मैं कार बेचता हूं और खरीदता हूं आपसे। पीछे तो कुछ एक्सचेंज बोनस भी मिलता है आपकी तरफ से।
Human: हां, एक्सचेंज बोनस देता है। स्किनी आपको छह लाख के नीचे गाड़ी परचेज करते हैं तो 10 हज़ार का एक्सचेंज बोनस होता है। 6 से 12 के बीच की गाड़ी है तो 15 हज़ार और 12 से ऊपर की तो ₹20,000 एक्सचेंज बोनस।
User: ₹10,000 के आसपास एक्सपेक्ट करा सकते हैं।
Human: हां, जी
User: ₹10,000 के आसपास एक्सपेक्ट करा सकते हैं।
Human: हां, अगर 6 लाख से नीचे की गाड़ी तो ₹10,000।
User: आपको मिलेगा कम से कम तो ₹10,000 तक देंगे ना आप? अच्छा मतलब पुरानी गाड़ी ले 3 लाख की है। इसका वैल्यूएशन 80,000 90 आ जाता है तो बाकी बचा दो लाख 10 हज में 10 और हम कर देंगे। 2 लाख के आसपास का लोन हो जाएगा। चलिए ठीक है, सर मैं पहले इसको कराते हैं फिर बताता हूं। ओके।"
322378489,"User: हैलो। हैलो।
Human: हान जी, कौन?
User: या हाय सर, रोहित बात कर रहा हूं स्पिनिंग कार से।
Human: हान जी।
User: हां जी सर। आप गाड़ी देख रहे थे स्पिनिंग से। फिर कोई पसंद आई की गाड़ी।
Human: हां वो कौन सी थी वो पेट्रोल वाली थी डीएल नंबर की।
User: डीएल नंबर की कौन सी सर आई टेन?
Human: नहीं नहीं आई टेन वाई टेन नहीं थी। या तो तीन चार देखी थी मैंने मतलब देख के तो मैं गया था सेक्टर 29 में। लेकिन अभी वो तो पसंद नहीं है। कोई और देख रहा था।
User: अच्छा अच्छा जहां पर तो लास्ट गाड़ी में क्या इशू आया था।
Human: जिसमें उन वाली गाड़ियों में।
User: में देखी थी। हां जी।
Human: एक सर ले जाते ही वहां से टेस्ट लेते हुए बैटरी नहीं चल रही थी। ठीक है, बाकी दो में पिकअप और ब्रेक का इशू था। एक एक दो में स्टीयरिंग टेढ़ा था। तीन के लिए था हेरफेर।
User: ओके। ओके। सर का फाइल हुआ सर गाड़ी का।
Human: नहीं नहीं हुआ। लेकिन दूसरी मैंने आज ही देखी है वो। ड्रैग सेंड रेडी वो ती या तो क्विड वगैरह थी दो लाख दो हज़ार की।
User: दोनों आपने देखी है? एक आपने रेडियो देखी है जो 19 किलोमीटर चली हुई है। एक आपने क्विड देखी है जो 39 हज़ार चली हुई है।
Human: हां मतलब वही दो दो हज़ार। मतलब दो हज़ार कह रहा हूं। दो दो लाख दो हज़ार तक की है वो गाड़ी.
User: हां, ये हां ये। दो लाख दो हज़ार की नहीं। कंप्लीट आपको जो पड़ती है वो आपको पड़ती दो लाख 9000 की।
Human: ऐसा क्यों?
User: सर? क्योंकि इसमें आपके थर्ड पार्टी इंश्योरेंस के चार्जेस और आरसी ट्रांसफर की भी लगेंगे ना।
Human: तो यार वो तो उसमें देना चाहिए ना। या तो पहले से ही मेंशन करते तो बंदा कुछ देखेगा।
User: अगर आप चेक करोगे आप ऊपर अगर चेक करोगे तो लिखा हुआ है प्लस अदर चार्जेस साइड पर हमारी वो चीज मेंशन है।
Human: नहीं वो बात तो ठीक है तो आपको उसी में कंपनी को उसी में ऐड करके देना चाहिए ना कि एक्सक्लूड करके ये प्राइस सर वो।
User: अगर आप ऐसा कुछ कंसर्न है तो मैं एक बार रेज कर दूंगा हमारी जो सोशल मीडिया टीम है सर।
Human: चलो यार मैं शाम तक ही बताऊंगा आपको उस बारे में है ना? मैं खुद ही देख रहा था अभी सब कुछ चीजें देख रहा हूं। उसके बाद बता दूंगा।
User: ठीक है, ठीक है। ओके सर।
Human: ठीक है। क्या नाम है आपका?
User: रोहित मेरा नाम है सर।
Human: ठीक है सर, ठीक है।"
322465897,"User: हेलो।
Human: हेलो हेलो केस पनीर का बार में खेरी पनीर से?
User: कैसे मैं?
Human: आजकल आपने सिनेमा विजिट किया था। प्लान कर रहे थे सरफरोश पर टेस्ट के लिए।
User: अब तो वर्स ब्रेक हो रहा है
Human: क्या आपने सिनेमा विजिट किया था? प्लान कर रहे थे सरफरोश पर टेस्ट के लिए। उसके रिगार्डिंग मैंने कॉल किया था।
User: हां जी मैं देख रहा हूं। देखो प्रोबेबिलिटी है। ओके। तो अभी देखो आई थिंक इट विल टेक एक कपल ऑफ मन्थ। आई एम स्पेंडिंग। टाइम ऑन अल नाउ। तो मैं किया और शायद टाइफून ये सब देख रहा हूं। तो ये मैं अभी टेस्ट ड्राइव ले रहा हूं एंड इट विल टेक मी देई जून। इज गोट आई फील अनलेस आई गेट रियली गुड डील तो मैं भी कर लूंगा। और मैं एक्चुअली एक्चुअली एक्चुअली एक्सचेंज। इस कॉज़ आई एम सेलिंग अगर उत्तर। ओके। तो वह भी आप लोग अच्छे डील देख लो तो अगर मुझे।
Human: एक्स्ट्रा मिल जाए तो मैं देखूंगा।
User: कितना प्राइस का एकाउंटेशन आया है वैन टू प्लस पता नहीं मुझे। वो भी मैं बोल रहा हूं। ऑन द ऐप पता नहीं करेगा। आराउंड 8 लाख मिल गए और देना एक्सचेंज डील ऑन द। देख रहा हूं। आप लोग भी देखो इफ यू कैन गिव मी ए एक्सचेंज डील, देना आई विल प्रॉबेबली थिंक अबाउट इट अस् सोने पॉसिबल बट आइडियली लाइक। एक कपल ऑफ मन्थ ठीक है, एक कपल ऑफ मन्थ।
Human: ठीक है, कैन हैव।
User: थिक है, बट आई एम एनीवेज दिस इस लाइक नॉट जस्ट एम जनरली आई एम लुकिंग एट इट बट ऑफ कोर्स आई नीड टू फाइंड द राइट एक्सचेंज। सो डोंट वरी प्रोबेबली इन लॉ ऑफ राइट बट आई एम आल्सो लुकिंग फॉर ए ग्रेट डील सो यू गेज कैन गेट मी ए गुड डील दैट वर्कस।
Human: फॉर सोमथिंग कि आपने कुछ फाइनल किया है। कार को एक बार टेस्ट ड्राइव बुक कर लीजिए।
User: मैं बता दूंगा आपको देखो। मैं किया गया कुछ दिन पहले मिलेंगे। ये सब तो साफ साफ नौ में टू शॉर्टलिस्टेड कार if में. इफ आई गेट डील, देन लाइक डील है टू बी राइट इन माई माइंड। एस ऑफ नो मुझे एक्सचेंज में। मिल रहा है वर्सेस, ये डीनेस नॉट मेकिंग सेंस। आई एम बायिंग। सेकंड हैंड कार बिकॉज़ आई एम लुकिंग एट अ गुड डील अदरवाइज मैं बाय ए न्यू डील तो वो मैं देख ही रहा हूं। मोमेंट इट गेस्ट वेल थैंक यू सो द द। आप कौन सा टीम से हो पता नहीं मुझे। मैं तो ओल्ड अगर ओल्ड डील का कुछ मिल जाए तो मेक इट ईजियर टू बाय द न्यू वन। बिकॉज़ इंफेस्ट अमाउंट इन दिस कर।
Human: ओके टाइम मैं एक बार चेक करती हूं। आपको कन्फर्म करती हूं प्राइस।
User: थैंक यू।"
322468654,"User: हेलो। हेलो। हेलो हां जी सर, गुड आफ्टर्नून।
Human: गौरव बात कर रहा हूं सर। इसकी हेड ऑफिस से।
User: हां जी सर, बताइए।
Human: जी सर, आप कार के लिए एक्सप्लोर कर रहे थे तो अभी प्लान करें कार के लिए।
User: हां सर, प्लान करता रहा हूं। एक्चुअली जो मेरे को एक स्विफ्ट गाड़ी पसंद आई है। दो हज़ार 17 मॉडल वो आपके पता नहीं कहां दिखा रहा है। राजौरी गार्डन दिखा रहा है। पता नहीं कहां दिखा रहा है, वहां मैं पहुंच नहीं सकता।
Human: दो हज़ार 17 की सिर्फ।
User: हां जी, दो हज़ार 17 वाला कौन सा है वो?
Human: एक बार चेक करिए सर, इसमें दिख नहीं रही है। आपने जो शॉर्टलिस्ट कर रखी है।
User: सर अभी तो मैं थोड़ा सा बिजी था कि काम में आप कल फोन कर सकते हो मुझे। हां, जो द्वारका में है वह अब एक्चुअली क्या है ना? अगर जो यहां पर फरीदाबाद हो तो मेरे नियरबाई है। मैं जाकर देख सकता हूं, टेस्ट ड्राइव वगैरह ले सकता हूं।
Human: आप एक बार कार बताइए कौन सी है क्योंकि आपने ना सर दो तीन गाड़ियां द्वारका में शॉर्टलिस्ट कर रखी हैं। अब उसमें पता निकलना है ना सर कौन सी गाड़ी करवानी है?
User: सर स्विफ्ट है एक व्हाइट कलर वाली।
Human: सिर्फ व्हाइट कलर की जो 3 लाख 53 हज़ार की है। 55 हज़ार किलोमीटर चली है। मैनुअल में हां ये रेड हल्की मतलब रेड टाइप की है। नीचे?
User: नहीं नहीं नहीं वो तो व्हाइट कलर की है।
Human: व्हाइट कलर की है। थोड़ी मॉडिफाइड है कलर में।
User: अच्छा स्पोर्ट्स लुक में ना थोड़ा सा। हां, नहीं वो नहीं है वो। वो तो इलेक्ट्रिक है ना? ये तो एक वी एकस आई मॉडल है।
Human: वी एक्स आई में देख ले रहा हूं। बी एक्स आई तो आपने फरीदाबाद में कोई, उसमें द्वारका में कोई शॉर्टलिस्ट नहीं की है सर?
User: नहीं ऐसा कैसे हो सकता है? आप मेरे को व्हाट्सएप पर लिखो तो मैं उसमें शॉर्ट लिस्ट करके आपको फोटो भेज दूं। कुछ ऐसा हो?
Human: हां, मैं व्हाट्सएप पर भेज रहा हूं आपको।
User: ठीक है, ठीक है। थैंक यू सर।
Human: वेलकम सर!"
322469837,"User: नमस्ते। हेलो निश्चय जी, दीपांशु बात कर रहा था स्किम गार्ड से। कहां से स्किम गार्ड से हां जी हां जी बोलिए। कार के लिए बात करनी थी। कल आपने एक एसयूवी 300 की टेस्ट ली थी हमारे शोरूम में इंदिरापुरम, गाजियाबाद में। हां जी सर जी तो कुछ अभी प्लान में है सर कि आप शायद कल एक बार मतलब आज दोबारा आने वाले थे अपने फादर के साथ। सर मैं आया था कल ही आया था शाम को पापा के साथ दोबारा। देखा था वो थोड़ी उसकी कंडीशन ज्यादा पुरानी है। सर वो सिक्सटी सेवेंटी थाउजेंड किलोमीटर चली हुई है एक डेढ़ साल में। डेढ़ साल में तो वो थोड़ा कंडीशन पुरानी लग रही है। फिर हम और एक्सप्लोर कर रहे थे। अभी सर वो तो समझ नहीं आ रही अच्छा चाबी मल्ला और एक्सप्लोर कर रहे हैं आप। हां जी हां जी वो तो सर वो थोड़ी ज्यादा पुरानी है। हेलो हेलो हेलो जी। मैं ये कह रहा था सर कार आप मतलब अभी वही वाली देख रहे हैं एक्सयूवी में। हां सर, मतलब एसयूवी स्टाइल में ही कोई देखनी है। अभी आपने वैसे इंदिरापुरम में जो आपने देखी थी वो और दो कार ही और आ रही है। कौन से सर एसयूवी आ रही है? दी आ रही है ब्लू कलर में, एक व्हाइट कलर में। अच्छा वो कब तक आएंगे सर वो अभी अवेलेबल है दोनों अच्छा वही तो है हैबिटेट सेंटर में। हां एक हैवी ट्रेड में है। वो दो हज़ार तेईस मॉडल की एसयूवी 300 और एक यह बस। इसका प्राइस है सर 9 लाख 21 हज़ार और यूपी 14 नंबर है। साढ़े आठ नौ लाख की तो नई थ्री एक्सर मिल रही है। बस इसका वेरिएंट तो डबल ऑप्शनल में था अपना वन टू। समझ गया सर नहीं इतने ऊपर नहीं जाना सर। सेकंड हैंड लेनी है तो फिर हमें छह सात 7 लाख तक की रेंज है वरना उससे ऊपर बढ़ाएंगे तो फिर हम नई लेंगे। अच्छा अच्छा तो आप मतलब नोएडा की नोएडा में गाड़ी देख रहे हैं। सर एनसीआर में भी चल जाएगी। दिल्ली एनसीआर, एनसीआर भी चल जाएगी सर जी एनसीआर में तो फिर और आ ही रही है मतलब सर कम। इसी प्राइस में जो प्राइस आपने बताई है इसमें कार आ रही है और टॉप मॉडल भी आ रहा है। मतलब 22 से मॉडल भी आ रहा है। 22 से इस मॉडल टॉप मॉडल कितने प्राइस का तो अभी एक है। सर ये दो हज़ार 22 मॉडल है। 7 लाख 7 लाख 30 हज़ार की है और सिर्फ 60 हज़ार चली हुई है। ये एच आर नंबर है ये। एच आर नंबर है हां जी सर एक बार इसकी इमेजेस वगैरह कुछ आप देख सकते हैं। मैं ना कुछ ये जो बताएंगे आपको एक बार इनकी डिटेल शेयर कर देता हूं आपके नंबर पे। हां जी ओके सर, ठीक है सर, ओके सर, ओके बाय।"
322477330,"User: हेलो हाई सर रोहित बात कर रहा हूं मैं स्पिनिंग कार से... स्पिनिंग कार की तरफ से रोहित बात कर रहा हूं। सर मैं गाड़ी लेकर आया था स्पिनिंग से। हम्म। बोलिए।
Human: कोई गाड़ी आपको पसंद आई थी या फिर फाइनल हुई थी गाड़ी?
User: ये अभी फाइनल नहीं हुई अभी ना।
Human: अच्छा अच्छा तो जब तक आप इसको पाना करेंगे? क्या आगे प्रोसीजर आपका रहेगा सर?
User: यार जब मैं गाड़ी देखने गया था, मुझे लगा था वो फर्स्ट ओनर है और सेकंड ओनर निकली है।
Human: अच्छा अच्छा कौन सी है जो आपने हमारे पास से वैल्यू चेक करी थी सर?
User: बिल्कुल बिल्कुल वेरी वाली।
Human: सर एक वैल्यू फर्स्ट ओनर थी, एक सेकंड ओनर थी।
User: हां, हां, हां, लेकिन मेरे को ऐसा ऑप्शनल मुझे लगा था वो फर्स्ट ओनर है। जब वहां जाकर मतलब ध्यान से नहीं मेरी गलती थी उनकी कोई गलती नहीं है। मैंने ध्यान से चेक नहीं किया था। मुझे ऑप्शनल देखना था तो ऑप्शन वाले में वो सेकंड ओनर था।
Human: ओके।
User: लेनी मुझे एसोर्ड प्लस ही थी तो एसोर्ड प्लस जो है वो मेरे लिए काफी अहि दो ही हैं।
Human: तो सर ये भी आप देख सकते हैं ना जो थी टर्बो डीसी।
User: क्या फीचर्स सारे उसमें थे?
Human: हम्म।
User: और रेट में इतना फर्क भी नहीं था। तो फिर वो बात है जब 30-40 हज़ार का फर्क था। वो 920 की थी या 960 की थी। दूसरी चीज है जो आप डिस्काउंट लगाते हो, इसको फिर लगे रहने दिया करो ना। आप बीच बीच में हटाते रहते हो।
Human: सर, मैं आपको बताता हूं, ऐसा कुछ भी नहीं होता है।
User: अब आप बताओ ये लास्ट मैंने वो जब गाड़ी देखने गया था तो वो 942 था। आई थिंक या 938 था। जो भी 17-18 हज़ार 20 हज़ार पर क्योंकि इंडियन मेंटालिटी है नेगोशिएट करना। आपने वो बंद कर दी।
Human: इसीलिए मैं आपको एक चीज बताता हूं। इसीलिए तो हम वो कूपंस निकालते हैं ताकि जब आप उसको ऑनलाइन देख रहे हो, अगर आपको अवेलेबल है तो आप सेम टाइम पर इसको बुक कर लो। इसीलिए तो हमने भी सिर्फ।
User: सेम टाइम पे मैंने इसलिए बुक नहीं रही। हां आई नो में सेम टाइम पर मैंने इसलिए बुक नहीं की क्योंकि मैंने सोचा काल जाना था जोरी तो मैं देखा हुआ उसके बाद में वहीं पर वहीं सब कुछ कर दूंगा।
Human: तो इसीलिए...
User: उसके बाद नेक्स्ट देखा तो नेक्स्ट क्योंकि मुझे लगा था 31 मार्च तक होगा तो वो मेरे ख्याल से वो पहले ही आपके क्लोजिंग हो गई होगी। शायद इसीलिए आप लोगों ने हटा दिया इसीलिए।
Human: हर एक कार के साथ नहीं, कूपन के साथ हम टाइमलाइन भी लिखते हैं इसीलिए ताकि किसी को कोई ऐसा कंफ्यूज़ ना हो।
User: साहब कब लगेगा ऐसा कूपन?
Human: सर ऐसा तो और कुछ भी नहीं। अभी तो कोई ऐसी सेल्स तो नहीं है।
User: नहीं नहीं कोई और फिर कोई और ऑप्शन है। तुम तो मैं देखता हूं एक बार ना।
Human: ठीक है, ठीक है, पर अब ठीक है।
User: ठीक है, ओके।"
322479665,"User: हेलो। हेलो!
Human: हेलो।
User: जी सर गुड आफ्टरनून। दीपांशु बात कर रहा था स्किनिंग कार से।
Human: हाँ जी सर बोलिए।
User: सर कार के रिगार्डिंग बात करनी थी। आप कार बाय करने के लिए प्लान कर रहे हैं। क्योंकि आपने आज भी एक कार सर शॉर्टलिस्ट करी थी। एक स्विफ्ट कार और कल भी एक सैलेरी देखी थी।
Human: जी।
User: जी तो कौन सी कार आप देख रहे हैं सर?
Human: सर में पहले बेचूंगा अपनी, मेरे पास अल्टो के टेन है, तब मैं खरीदूंगा।
User: क्या चीज सर?
Human: मेरे पास एक अल्टो है अल्टो के टेन।
User: हां जी।
Human: मैं उसमें साइल करना चाहता हूं, पहले सेल करूंगा, तब मैं खरीदूंगा।
User: अच्छा अच्छा, तो सेल करने के लिए आपने यहां पर पहले इंस्पेक्शन करवाया था।
Human: हां करवा लिया था, लेकिन काफी टाइम हो गया उसको।
User: अच्छा अच्छा, तो एक बार दोबारा करवा लीजिए। सर मैं एक बार इंस्पेक्शन टीम से कॉल करवा देता हूं ताकि कल परसों मैं आप इंस्पेक्शन करवा ले। एक बार।
Human: कल मैं बेटी की शादी से पहले उसे कार दिखा दूंगा, फिर करवा लूंगा।
User: अच्छा अच्छा अच्छा ठीक है। मैं वैसे सर बोलती हूं से आप कॉन्टैक्ट कर लेंगे। इंस्पेक्शन टीम से।
Human: हां, रहने दो। कोई जरूरत नहीं है। असल में करवा लिया था पहले मुझे पता है। मैं शादी के बाद पहुंच जाऊंगा। अच्छा अच्छा दोबारा होगा तो अभी टाइम होगा।
User: तो आप ऐसे कब विजिट करने के लिए प्लान कर रहे हैं? कब करवाना चाह रहे हैं? संडे, मंडे में?
Human: अभी कुछ नहीं।
User: अच्छा अच्छा तीन चार दिन बाद सैटरडे संडे में ही ना?
Human: हां, एक हफ्ता मानो।
User: अच्छा अच्छा चलिए ठीक है। मैं कोई नहीं आपको एक बार फिर थोड़े दिन में एक बार 3 से 4 दिन में कॉल भी कर लूंगा।
Human: ओके।
User: ओके सर।"
322508897,"User: हेलो। हेलो। हेलो। हाँ जी पीयूष जी, ध्रुव बात कर रहा है सर स्पिनिंग से। कहां से?
Human: सर मैं स्पिनिंग से बात कर रहा हूं ध्रुव। हां जी हां जी हां जी बताइए। हां जी सर आप कार देख रहे थे सर स्पिनिंग से। हां जी। तो कोई कार शॉर्टलिस्ट की हुई है सर आपने?
User: नहीं अभी कोई नहीं थी उसमें और जो आया था तो वो आपके उसमें थी मतलब बजट में नहीं आती अब गई। अच्छा!
Human: तो वैसे कौन सी कार देख रहे हैं सर अपने लिए? इग्निशी देखो और कौन देखता है?
User: इग्निश देख रहे हैं कि क्या है इंग्लिश डाल रखी है तो इग्निश आ जाएगी ना?
Human: ठीक है, कितने प्राइस में?
User: हां जी?
Human: कितने प्राइस में देख रहे हैं सर आप?
User: अरे यार अब यह तो सब बातें हो चुकी है। अब इसीलिए अब मैं अब बार बार और आदमी कोई अलग अलग तरीके से बात करेगा या। मैं तो इसलिए पूछ रहा हूं। जो नहीं, नहीं जो वैरी करेगी, मैं उसी को देख लूंगा। किस प्राइस से क्या?
Human: और दूसरा यह है कि आप किसी को भी अगर ऐसे पैसे लोग तो मैं ऐसे भी नहीं दूंगा। मैं देख के लूंगा जो मुझे सोने में आएगा, मैं उसी को देखूंगा जो कि आप मुझे डालोगे और अगर कुछ पैसे हो जाएंगे उसमें तो ठीक है, अदरवाइज कोई बात नहीं है। कोई और से भी दिखे और ठीक है। हां, कितना देख रहे हो, कितना ठीक है, ठीक है, ठीक है। कोई कंपरेंस नहीं कर पा रहा है ना किसी की वजह से मैं बाजार से लेता हूं तो 550 की आ रही है। है ना? हां जी। हां, आपके हाथ से लूंगा। ₹4 लाख का फायदा होगा। मुझे ढाई लाख रुपए क्या फर्क है? सर 50 की तो सर कहीं से भी नहीं आएंगे ना सर?
User: आप मुझे ले लो मैं फिर भी 10-5 हजार बचा लूंगा। उसमें साढ़े चार की मैं दे दूंगा तो ऑन ओनरोंड की बात कर रहा हूं मैं।
Human: सरक्वालिटी भी तो होती है ना सर कुछ?
User: नहीं। मेरी बती है तो कोई भी पचास हज़ार की। अरे क्वालिटी की बात करनी है। मैंने आपको चार, पचास की बात करी है। पाँच पचास की बेचासी बात करी है। ठीक है ना? नई गाड़ी की बात कर रहा हूं। पुरानी की बात नहीं करता। कोई क्वालिटी की बात नहीं कर रहा हूं। हां, ठीक है। आप को चाहिए तो मैं दे दूंगा। कहां है ये साढ़े पांच लाख? मैं उसकी बात कर रहा हूं। ठीक है, ठीक है सर, ठीक।"
322513777,"User: हेलो।
Human: हेलो। हाँ इंदर जी, नमस्कार। सुनील बात कर रहा हूँ, स्पिन्निंग कार से।
User: बताइए जी।
Human: हाँ जी, इंदर जी यूज्ड कार में ऑप्शन एक्सप्लोर कर रहे थे आप? और आपने विजिट भी किया था हमारे ऐप पर। आर सी जी से बात भी हुई होगी उसके लिए क्या सुझाव है? कुछ ऑप्शंस होरलिस के लिए आपने कुछ।
User: करे थे हैं यार आप लोग। मतलब कोई डिस्काउंट वगैरह तो दे नहीं रहे हो। मैं अपनी गाड़ी भी बेच रहा हूं। उसके अगेंस्ट कोई डिस्काउंट भी दे रहे हो। उसकी गाड़ी पर...
Human: गाड़ी आप सेल कर रहे हैं आप अपनी हम एक्सचेंज कूपन आपको दे रहे हैं सर, वही डिस्काउंट।
User: वो भाई एक्सचेंज कूपन तो दे रहे हो वो तो ठीक है लेकिन गाड़ी का रेट भी सही नहीं लगा रहे हो।
Human: गाड़ी का प्राइस तो सर ऑप्शन का प्राइस आता है। अब आप बताइए मैं अगर ऑप्शन में उससे एक लाख बीस हज़ार कोई लगाएगा तो मैं डेढ लाख कहां से दे पाऊंगा सर? एक बीस ही प्रोवाइड करा पाऊंगा ना आपको तो?
User: नहीं बात आपकी ठीक है भाई, इतनी बड़ी कंपनी लेकर बैठे हो। तो आपके पास भी बहुत सारे ऑप्शंस रहते होंगे कि एक...
Human: सर वो तो ऑप्शन रन करवा ही रहे हैं हम, हम सभी बोलते हैं हम दोबारा फिर ये ऑप्शन करवा देते हैं। ऑप्शन का जो अमाउंट होता है वो तो हम ही रिवेयर कर रहे होते हैं कि ऑप्शन करा के बेहतर प्राइस आपके लिए लायक है या नहीं।
User: नहीं भाई ये देखो मेरे को मेरी गाड़ी का ठेका का ही चलवा दो। मैं तो गाड़ी के लिए था कि अब मेरी गाड़ी ले लो ना गाड़ी दे दो। इस मूड में गया था मैं तो।
Human: आपको वन ट्वेंटी एट तक तो ऑफर हुई चुका है सर उसका।
User: यार वन ट्वेंटी एट यार एक बात बताओ वन ट्वेंटी एट तो नहीं है भाई।
Human: अगर गाड़ी के दो ही साल बैकिंग हम बचे हैं।
User: भाई कार्सटोडी वाले एक तरह से दे रहे हैं मेरे पास। आपको सही बताऊं तो बताऊं।
Human: तो अगर आपको वहां से बेहतर प्राइस मिल जाए तो वहां सेल कर दीजिएगा गाड़ी।
User: क्या है कार्सटोडी को मैं बेच हो सकता हूं, मैं बेच दूं मेरे को ये है कि मैं स्पिन्निंग में ही बेच दूं। स्पिन्निंग से ही दूसरी गाड़ी ले लूं। मैं ये चाहता हूं कि एक्चुअली बोनस भी एक्स्ट्रा मिल जाए मेरे को।
Human: जो प्राइस बेटर आ पाएगा हमारे एंड से, वो वही प्रोवाइड करवा पाएंगे। मैं एक बार फिर से एक्सचेंज सीन को बोल देता हूं, रन करते हैं और...
User: एक बार में प्राइस हो तो ही कॉल करवाना। मतलब एक साथ एक पैसा कम कम जरूर उसके बाद, मतलब नहीं तो फिर देखते हैं।
Human: ठीक है सर मैं बोल देता हूं।
User: हां, क्योंकि बार बार आप भी परेशान ह"
322520272,"User: हेलो।
Human: हेलो!
User: हां जी, गुड इवनिंग सर। ध्रुव बात कर रहा हूं सर, स्पिनिंग से।
Human: जी।
User: हां जी सर आप कार देख रहे थे सर, स्पिनिंग से।
Human: जी।
User: हां जी सर, आपने तो कोई कार शॉर्टलिस्ट की हुई है आपने सर?
Human: हां, क्विड कर रखी हुई है।
User: अच्छा, तो ठीक है, तो क्विड वाली में मतलब आप प्लान कर रहे हैं सर उसका डिलीवरी का?
Human: संडे जाऊंगा मैं।
User: संडे के लिए?
Human: जी।
User: ठीक है, तो आप सर एक और बुक कर दीजिए सर कार कोर्स को।
Human: तो पहले मैं देखता हूं।
User: अच्छा!
Human: हां, कर रखा है मैंने बुकिंग वगैरह।
User: अच्छा-अच्छा, ठीक है, ठीक है। हां, तो यह आपकी दो बजे के लिए है ना?
Human: जी-जी, हां।
User: तो मैं वही कह रहा था कि अगर आप जैसे ही कार बुक कर देते हैं ना, तो वह आपके लिए होल्ड हो जाती है।
Human: अच्छा, एक्चुअली लोन के उसमें चल रहा है थोड़ा। मैं पिछले साल भी गया था कुशाम्बी में।
User: हां।
Human: तो उन्होंने कहा कि जो है एक्चुअली जॉब वर्क है, सैलरी स्लिप तो मिलती नहीं है।
User: हम्म।
Human: इस वजह से उन्होंने कहा कि हो नहीं पाएगा।
User: अच्छा!
Human: बाकी पेपर और सारे पूरे हैं।
User: ठीक है, ठीक है।
Human: जी, बताओ कोई और, कोई ऑप्शन है?
User: सर कैश में प्लान कर सकते हैं सर?
Human: तो उसके लिए मुझे तीन-चार महीने रुकना पड़ेगा।
User: हां जी?
Human: तीन-चार महीने रुकना पड़ेगा उसके लिए।
User: अच्छा! तीन-चार महीने?
Human: जी।
User: ठीक है सर। एक सर अगर आप प्रोफाइल कोई और ट्राई कर लेते तो उससे भी हो जाएगा।
Human: खली कोई नहीं है। संध्या दिन ट्राई करते हैं।
User: ठीक है सर।"
322521946,"User: हैलो।
Human: हैलो। हां, जी। हां, जी सत्येंद्र जी। नमस्कार। सुनील बात कर रहा हूं। स्किनी कार्ड से।
User: हां, जी।
Human: हां जी। सत्येंद्र जी, अभी एक्सप्लोर कर रहे हैं आप यूज्ड कार में ऑप्शन।
User: एक्सप्लोर ही कर रहे हैं। (हल्की हंसी हंसते हुए)
Human: तो फाइनल नहीं कर पाए हैं सर?
User: ना नहीं कर पा रहे है।
Human: क्या इशू आ गया सर फाइनल करने में?
User: वो एक...
Human: आपकी सिटी में करेक्ट में कौन से गाड़ी? कर कार टू डे फॉर की गाड़ी आपको बढ़िया लग रही है?
User: हां, वो बढ़िया थी पर वो दिख गई होंगी। मैंने...
Human: सर कोई का नहीं कहीं बढ़िया होती, कोई कहीं बढ़िया होती है वो दिख रहा है क्यों ना। बट ये गारंटी मैं देता हूं। स्किनी से आपको एक जेनुइन गाड़ी मिलेगी हमारे पास।
User: नहीं वो मैं आया इसे ट्राइंग, ये टू थाउजेंड ट्वेंटी थ्री होंडा सिटी एक उसका अअअ प्रीलियम एजेंट नाम है उसका आयी इस ट्राइंग फॉर दी अ-क्या बोलते हैं?
Human: टू थाउजेंड ट्वेंटी थ्री की है होंडा सिटी जेडएक्स पेट्रोल। तेईस हज़ार दोसौ किलोमीटर चली हुई पेट्रोल फर्स्ट ओनर।
User: बट ये शायद मैन्युअल है ना?
Human: हां जी मैन्युअल है सर गाड़ी ये।
User: हां, तो यही प्रॉब्लम है। मैनुअल नहीं था, ऑटोमेटिक...
Human: हमारे फरीदाबाद हब में अवेलेबल है सर होंडा सिटी सीवीटी पेट्रोल ऑटोमेटिक। फर्स्ट ओनर है, सिल्वर कलर है, साली के उन का आरटीओ। बियारह हजार दोसौ किलोमीटर चली है।
User: और कौन सा मॉडल है?
Human: ये दो हज़ार बाइस मॉडल।
User: हां, फिर दो हज़ार बाइस मॉडल हासिल है। होंडा सिटी में। होंडा सिटी में ये आया था ना।
Human: हां जी, होंडा सिटी में।
User: होंडा सिटी में अपडेट आया था दो हज़ार तेईस में।
Human: हम्म, आपने दो हज़ार तेईस के ऊपर की होंडा सिटी देख रहे हैं ना आप?
User: हां, दो हज़ार तेईस में भी जनवरी में नहीं आया था। जून जुलाई में आया था जो अपग्रेड आया था होंडा सिटी का अपग्रेड।
Human: ओके मैं चेक करवा लेता हूं सर एक बार हमारी टीम से।
User: आं।
Human: दो हज़ार तेईस के बाद की गाड़ी आपको होंडा सिटी से बेहतरी है।
User: हां जी, हां जी।
Human: ओके।
User: ओके, थैंक यू, थैंक यू।
Human: थैंक यू सो मच, थैंक यू।"
322815997,"User: हैलो।
Human: नमस्कार अमित जी। संदीप बात कर रहा हूं स्पिनिंग कार से।
User: हां संदीप भाई चाल-चाल?
Human: बिल्कुल ठीक है। बिल्कुल ठीक है सर। आप कार प्लान कर रहे थे न? कि यार सेल्टोस हो गया आपकी।
User: हां, हां बिल्कुल भी। हां यार, आज शेड्यूल-आज यार शेड्यूल किया था। बट वो- असली चक्कर क्या हुआ कि मैं-- असल में तीन दिन की छुट्टी थी तो आज निकल नहीं पाया। कल आऊंगा यार।
Human: अच्छा, अच्छा, अच्छा। सर-सर बिल्कुल आइएगा कल। देखिए आ गई न स्पिनिंग पे आज और कल के लिए ऑफर शेअर्स आ गई है सर।
User: हां, हां वो मैंने देखा था ऊपर।
Human: हां, हां। सताइस हजार रुपये का वो डिस्काउंट आ रखा है उस पर।
User: वो मुझे, वो मुझे उसका-उसका आप तो भेज दो लिंक। मैं पाँच हज़ार रुपए पेमेंट कर देता हूँ।
Human: जाओ मैं सर-शेयर कर देता हूँ सर आपके पास, लिंक शेयर कर देता हूँ।
User: आप शेयर कर दो वो, मैं ना पेमेंट कर देता हूँ। तो कम से कम वो खुशी रहेगी ना आपकार का।
Human: हां, हां, हां, हां बिल्कुल, बिल्कुल।
User: ठीक है ना?
Human: वो सुबह देखा था 77 में दिखा रहा था ना। सर, यह तो बुक हो गई सर यह कार तो।
User: बुक हो गई मतलब ले ली या किसी ने अभी बुक की है?
Human: अभी बुक कर दिए यह कार सर किसी ने, दूसरे बायर ने।
User: अच्छा! अभी और कोई-और कोई है क्या?
Human: और देख लीजिए सर कुछ और ऑप्शन बता देता हूं कि आप सेल्टोस में देखेंगे सर?
User: हां, सेल्टोस में ही बता दो कोई साढ़े सात, आठ तक की।
Human: सेल्टोस में अभी बता देता हूं सर साढ़े सात, आठ लाख तक ऑप्शन अवेलेबल होता है सर आपको।
User: (आदमी पीछे से चिल्लाते हुए)
Human: हम लाइन पे रहिए सर अभी चेक कर लेता हूं मैं।... था भी वेरिएंट अवेलेबल है। आपने देखा भी था सैंटी थ्री थाउजेंड कालर ह्यूम पेट्रोल। आठ लाख छह हज़ार के अंदर है। कौन सी? सेल्टोस। हैलो।
User: हां भाई है ऐसे कोई?
Human: अजी?
User: मैं पूछ रहा हूं है कोई मिली?
Human: हां सर देख रहा हूं। सेल्टोस में देख रहा हूं। एक ही दो हज़ार चौबीस डिटेल्स में देखता हूं। एक सेकंड लाइन फ्री है सर।
User: हां।
Human: चेक कर रहा हूं सर लाइन पे बने रहिए।
User: एक्सचेंज?
Human: हम्म। (पाँच सेकंड का विराम) मैं आपको अभी कॉल करके करता हूँ सर।
User: ठीक है भाई जी।"
322837739,"User: हेलो। हां जी गुड इवनिंग सर। अश्विन बात कर रहा हूं स्पेनी कार से।
Human: हां जी बोलिए सर।
User: जी सर कार एक्सप्लोर कर रहे थे मनीष जी। इसके रिगार्डिंग कॉल करी थी सर आपको? तो कोई ऑप्शन फाइनल किया आपने कार का?
Human: नहीं अभी ऑप्शन फाइनल नहीं किया है। अभी तो कार्स के ऑप्शंस मेरे को मिले हैं।
User: हाँ।
Human: मुझे मिले हैं आपकी कंपनी में।
User: अच्छा!
Human: पर अभी और ऑप्शंस देख रहा हूं मैं क्योंकि...
User: सर!
Human: ये देखो पहली गाड़ी ले रहा हूं तो थोड़ा आपको ही पता है कि... पहली गाड़ी में बंदा सोचता है।
User: ठीक है, कोई समस्या मतलब आपको एक्सप्लोर मतलब इग्निस भेजी थी, टाटा पंच भेजा था आप को।
Human: हां, हां। इग्निस भेजी थी, टाटा पंच भेजा था। मेरे को आप ना बेलेनो में दिखा, दिखा सकते हैं या बेलेनो में कोई?
User: बेलेनो भेजा गया था आपको इक्कीस मॉडल जाता।
Human: और कोई मॉडल, मतलब और कोई ऑप्शन। या फिर आप दोबारा शेयर कर देंगे। जो भी बेलेनो से रिलेटेड कुछ भी है वो मेरे को शेयर कर दीजिए। रीजन इस क्योंकि मुझे चाहिए मारुति में, मारुति सुजुकी में। पर मेरा दिक्कत यह आ रहा है कि पंच है ना वो सॉरी वो कहत हैं इग्निस में थोड़ा कॉम्पैक्ट लग रहा है। बेलेनो में थोड़ा स्पेस है और मैं जो गाड़ी ले रहा हूं अपने मम्मी पापा के लिए ले रहा हूं तो... उससे रिलेटेड में कुछ, जिससे की ना मम्मी पापा मेरे साथ सेफली बैठ के जा सके।
User: हां जी हां जी। तो सिफ्ट भी देख सकते हैं सर, स्पेस है।
Human: क्या सर?
User: सिफ्ट सर सिफ्ट।
Human: आपकी आवाज नहीं आ रही सर दोबारा बोलना जरूर।
User: मैं स्विफ्ट की कह रहा हूं सर स्विफ्ट। मारुति सुजुकी की जो स्विफ्ट आती है।
Human: हां, आप स्विफ्ट भी दिखा सकते हैं, बेलेनो भी दिखा सकते हैं। मतलब मैंने दो ऑप्शन शेयर किए हैं आपको स्विफ्ट का, एक है जैसे की अपना कांटेक्ट अनके...
User: ...का मॉडल है एलएक्सआईएस यूएनजी एसआर टेन, मतलब कोड का, अपना हरियाणा का नंबर है। और फोर लाख ट्वेंटी टू थाउजेंड का।
Human: ओके।
User: हां जी तो ये देख सकते हैं।
Human: ऑप्शन दिखाई दीजिए, बेलेनो में कुछ ऑप्शन दिखा दीजिए। जैसा रास्ता है...
User: चरित्र। बिल्कुल बिल्कुल।
Human: ओके थैंक यू।"
322846516,"User: (फोन घंटी बजती है) हेलो! जी, उड़नी सागर जी। कर रहा है स्पिनिंग कार से।
Human: हां जी।
User: सर आप कार एक्सप्लोर कर रहे थे, तो अभी कार फाइनल हुई सर आपकी?
Human: अभी तक नहीं है।
User: तो सर अभी प्लान है गाड़ी परचेज करने का सर?
Human: हां प्लान तो है यार, देख रहा था मैं एक्चुअली कि थोड़ा सा देख रहा था कोई ठीक मिल जाए तो।
User: तो सर अभी देखिए सेल भी आई हुई है। तो सभी कार पर सेल डिस्काउंट भी अगर कोई गाड़ियां फाइनल करते हैं तो जो भी।
Human: यार कर ट्वेंटी फोर, एक चीज बताऊंगा, एक्चुअली ना मैं एक्सप्लोर कर रहा था दोनों कार ट्वेंटी फोर और स्पिनिंग भी।
User: जी।
Human: बट स्पिनिंग में एक्चुअली थोड़ी कॉस्टली क्यों है गाड़ी सेम सेगमेंट के जितना मैं देखता हूं थोड़ा। बोलो सेल कंडीशन ऑलमोस्ट होना काफी डिफरेंस आ रहा है। स्पिनिंग और कार ट्वेंटी फोर।
User: कोई भी गाड़ी के सर टेस्ट ड्राइव ले लीजिएगा, दोनों सेम मॉडल की गाड़ी का, आप खुद से खुद डिफरेंस आपको पता चल जाएगा सर। और ऐसा नहीं होगा कि प्राइस भी ज्यादा होंगे सर। लिटिल बिट हायर साइड होंगे, बट इतना डिफरेंस नहीं आएगा सर कि एकदम (किसी के बोलने की आवाज आती है) ।
Human: मैं ना फॉर एग्जांपल आपको बताता हूं जैसे ना मैंने भी गाड़ी देखी थी उनकी खुद की ऑन, कार ट्वेंटी फोर की ओन द कार है, बलेनो है, टू थाउजेंड एंड अठारह मॉडल है, ठीक है। एक सेकंड ये नहीं है, ये तो किसी और ची है। (फोन रिसीव करने की ध्वनि) तो वो ना मतलब मेरे को थ्री सोमथिंग की पड़ रही थी, ओके। बट इसमें चार, चार प्लस में दिखा रखी थी आप वाले में। कई गाड़ी मैंने क-मतलब कंपेयर करके देखी हैं।
User: सर आप किसी भी गाड़ी को कंपेयर कर लीजिए, चेक करा लीजिए सर, दोनों गाड़ी की टेस्ट ड्राइव ले लीजिए। आपको डिफरेंस ही पता चल जाएगा सर।
Human: चलो मैं चेक करके ना फिर आपको इसी नंबर पर मैं चलो, यह... मतलब इस नंबर पर है व्हाट्सएप?
User: हां, इस नंबर पर आप सर कॉल बैक भी कर सकते हैं।
Human: तो आप मुझे यह कौन सी वालिसे बोल रहे हो आप? मतलब राजौरी गार्डन वाले से हैं या फिर?
User: नहीं, मैं सर सेंट्रल टीम हेड ऑफिस से बात कर रहा हूं।
Human: अच्छा सर। तो मेरे को आप बलेनो बता सकते हो हरियाणा नंबर में, बलेनो और ईवन और क्या बोलते हैं इसको? स्विफ्ट हो गई, बलेनो हो गई और ग्रैंड आई टेन हो गई इनमें से कुछ?
User: सर ऐसे तो देखो आप एक बार ऐप पर फिल्टर लगा कर चेक कर सकते हो। मल्टीपल ऑप्शन्स आपको दिख जाएगा सर। बाकी कुछ कार के डिटेल्स मैं आपको शेयर करा रहा हूं। आप वो देख लीजिएगा सर।
Human: हां, व्हाट्सएप पर आपको लगा दोगे थोड़, वो अच्छा रहेगा।
User: जी।
Human: ठीक है।"
322358103,"User: हैलो।
Human: हैलो।
User: हां जी सर।
Human: हैलो हाई मैम।
User: हां जी सर, जी बताएं, अंकित बात करिए स्पिन्निंग से।
Human: जी, जी एक्चुअली मैं एक्सेल सिक्स लीजने आया था। मैंने कल ब्राइडली डिलीवरी की थी।
User: ओके एक्सेल सिक्स?
Human: हां जी।
User: किसी हफ्ते आए हुए हैं आप?
Human: सॉरी!
User: किसी हफ्ते अभी हैं क्या प्रेजेंट आप?
Human: मैं सुन नहीं पा रहा, सॉरी क्या कह रहे हो?
User: मैं पूछ रहा हूं आप किसी हफ्ते आए हैं क्या देखने के लिए?
Human: नहीं नहीं, मैं आया था। एक्चुअली मुझे कुछ क्वेरीसी थी वो मैं क्लियर करना चाहता हूं। जी बताएं। अ-मुझे ये वाली रिजर्व इनवॉल्व में ले जानी है। तो वहां पर रजिस्ट्रेशन नंबर चेंज होगा, तो उसमें क्या चार्जेस होते हैं, मैं ये जानना चाह रहा हूं। ट्रांसफर चार्जेस वगैरह क्या होते हैं?
User: सिर इसपीनी आरटीओ चेंज नहीं करा के देती है, तो वी डोंट नो अबाउट द चार्जेस। वो आपको अपने बाहर से आरटीओ से ही कलेक्ट करने होंगे। हम ओनली आपके नाम से कार को ट्रांसफर कराके दे सकते हैं। जो भी नंबर का कार है, जैसे एचआर नंबर है तो हम एचआर में आपको ट्रांसफर कराके दे देंगे। डेल्ही नंबर है तो आप डेल्ही नंबर में ट्रांसफर कराके दे सकते हैं। आपको डॉक्यूमेंट चाहिए होंगे उसके बिहाफ से। बाकी अगर कोई आरटीओ चेंज कराना है आपको डेल्ही टू एचआर या यूपी में या कहीं भी बाहर तो उसके लिए आपको एक बार आरटीओ टीम से पता करना होगा। क्योंकि स्पिनिंग चेंज कराता नहीं है, तो वी डोंट नो अबाउट द चार्जेस।
Human: ओके। और जो हमारे नाम पर ट्रांसफर होगा उसमें क्या चार्जेस होते हैं?
User: मेन टास्क के?
Human: हां जी।
User: नहीं नहीं, ये जो कार का अमाउंट है जैसे सेवन पॉइंट- सेवन पॉइंट थ्री वन, इसमें वो चार्जेस वगैरह सब कुछ इंक्लूडेड है। तो इससे अलग आपको कुछ नहीं देना है।
Human: समझ गया मैं। ठीक है, मुझे ये क्वेरीसी थी एक बार मैं ये क्लियर करना चाहता था।
User: हां जी।
Human: ठीक है।
User: बाकी शायद मेरे हिसाब से फिफ्टी टू वन लैक रुपीस के आसपास होता है। बाकी आप पता कर लीजिए। डिफेंड ऑन आरटीओ ऑल्सो। हां, वही मतलब पचास से एक लाख के बीच में शायद होता है।
Human: जी। अाच्छा!
User: जी, ओके?
Human: ओके, थैंक यू।
User: थैंक यू।
Human: थैंक यू सो मच।"